ActivitiesPairs,BD
"['flow deal', 'flow deal']","['flowed', 'deal', 'average', 'nomination', 'meters', 'volume', 'gas', 'system', 'price', 'flows', 'volumes', 'priced', 'deals', 'flowing', 'prices', 'mtr', 'total', 'flow', 'meter']"
"['flow deal', 'extend deal']","['flowed', 'deal', 'average', 'nomination', 'meters', 'volume', 'extend', 'gas', 'system', 'price', 'rest', 'flows', 'volumes', 'priced', 'deals', 'flowing', 'prices', 'extended', 'mtr', 'total', 'flow', 'contract', 'meter']"
"['enter deal', 'enter deal']","['entered', 'entering', 'deal', 'purchases', 'sale', 'volumes', 'meters', 'tickets', 'volume', 'demand**fee', 'meter', 'purchase', 'wellhead', 'ticket', 'deals', 'enter', 'book']"
"['enter deal', 'create deal']","['entered', 'create', 'deal', 'purchases', 'meters', 'volume', 'ticket', 'created', 'creating', 'wellhead', 'book', 'volumes', 'deals', 'entering', 'sale', 'tickets', 'purchase', 'mtr', 'enter', 'demand**fee', 'meter', 'volume**management']"
"['change_convert deal', 'change_convert deal']","['changing', 'deal', 'changed', 'volume', 'ticket', 'fee', 'pricing', 'price', 'modified', 'changes', 'volumes', 'converted', 'deals', 'priced', 'demand', 'tickets', 'change', 'vary', 'counterparty', 'demand**fees', 'amount', 'demand**fee']"
"['flow deal', 'handle_cover deal']","['flowed', 'deal', 'average', 'nomination', 'handling', 'meters', 'volume', 'gas', 'system', 'price', 'handle', 'cover', 'flows', 'volumes', 'priced', 'deals', 'flowing', 'prices', 'mtr', 'total', 'covers', 'flow', 'volume**management', 'meter', 'trades', 'handled']"
"['flow deal', 'create deal']","['flowed', 'create', 'deal', 'average', 'nomination', 'meters', 'volume', 'ticket', 'created', 'gas', 'creating', 'system', 'price', 'flows', 'volumes', 'priced', 'deals', 'flowing', 'prices', 'tickets', 'mtr', 'total', 'flow', 'volume**management', 'meter']"
"['create deal', 'create deal']","['create', 'deal', 'tickets', 'volume', 'volume**management', 'mtr', 'meter', 'ticket', 'deals', 'created', 'creating']"
"['flow deal', 'allocate volume0management']","['flowed', 'deal', 'average', 'nomination', 'meters', 'volume', 'allocated', 'ticket', 'allocates', 'gas', 'system', 'price', 'contracts', 'shortages', 'flows', 'volumes', 'priced', 'deals', 'buyback', 'flowing', 'prices', 'tickets', 'mtr', 'allocating', 'total', 'allocate', 'flow', 'contract', 'volume**management', 'meter']"
"['create deal', 'enter deal']","['entered', 'create', 'deal', 'purchases', 'meters', 'volume', 'ticket', 'created', 'creating', 'wellhead', 'book', 'volumes', 'deals', 'entering', 'sale', 'tickets', 'purchase', 'mtr', 'enter', 'demand**fee', 'meter', 'volume**management']"
"['flow deal', 'wrap_roll deal']","['flowed', 'wrapped', 'deal', 'average', 'nomination', 'meters', 'volume', 'gas', 'system', 'price', 'flows', 'volumes', 'priced', 'deals', 'rolled', 'flowing', 'prices', 'roll', 'mtr', 'total', 'flow', 'meter']"
"['enter deal', 'note deal']","['entered', 'deal', 'purchases', 'meters', 'volume', 'note', 'ticket', 'noted', 'wellhead', 'volumes', 'book', 'deals', 'entering', 'sale', 'tickets', 'purchase', 'enter', 'demand**fee', 'meter']"
"['flow deal', 'set_put_fix_determine_adjust deal']","['flowed', 'made', 'usage', 'deal', 'average', 'nomination', 'meters', 'make', 'determining', 'volume', 'adjustments', 'ticket', 'placed', 'gas', 'ticketed', 'desk', 'system', 'price', 'setting', 'flows', 'put', 'volumes', 'priced', 'deals', 'determined', 'flowing', 'prices', 'tickets', 'mtr', 'adjust', 'total', 'adjusting', 'set', 'transport', 'flow', 'meter', 'strangers', 'fixed', 'adjusted']"
"['show deal', 'set_put_fix_determine_adjust deal']","['made', 'document', 'usage', 'products', 'deal', 'meters', 'make', 'determining', 'adjustments', 'agreements', 'showing', 'ticket', 'shown', 'placed', 'gas', 'ticketed', 'desk', 'product', 'agreement', 'indicates', 'master', 'setting', 'put', 'changes', 'deals', 'indicate', 'determined', 'shows', 'tickets', 'change', 'showed', 'adjust', 'indicated', 'designated', 'counterparties', 'adjusting', 'set', 'transport', 'credit', 'show', 'meter', 'master**netting', 'trades', 'strangers', 'fixed', 'adjusted']"
"['expire deal', 'extend deal']","['expiring', 'deal', 'rest', 'expires', 'contract', 'extended', 'meter', 'expired', 'extend', 'deals']"
"['handle_cover deal', 'extend deal']","['deal', 'covers', 'rest', 'handle', 'cover', 'handling', 'extended', 'volume', 'volume**management', 'mtr', 'meter', 'contract', 'trades', 'handled', 'deals', 'extend']"
"['extend deal', 'extend deal']","['deal', 'rest', 'contract', 'extended', 'meter', 'deals', 'extend']"
"['expire deal', 'see_determine_check_view deal']","['deal', 'meters', 'volume', 'seeing', 'expiring', 'system', 'price', 'ensure', 'check', 'checked', 'volumes', 'checking', 'expired', 'deals', 'determined', 'prices', 'expires', 'path', 'checks', 'determine', 'viewing', 'volume**management', 'meter', 'see', 'pops', 'trades', 'trade']"
"['flow deal', 'send_attach_ship transport0contract']","['flowed', 'attached', 'send', 'deal', 'average', 'nomination', 'meters', 'volume', 'info', 'sending', 'schedule', 'term', 'terms', 'gas', 'ship', 'system', 'price', 'contracts', 'attach', 'flows', 'volumes', 'priced', 'deals', 'information', 'flowing', 'transport**contract', 'prices', 'mtr', 'total', 'flow', 'contract', 'sent', 'meter']"
"['create deal', 'extend deal']","['create', 'deal', 'rest', 'tickets', 'extended', 'contract', 'volume**management', 'mtr', 'meter', 'volume', 'ticket', 'deals', 'extend', 'created', 'creating']"
"['flow deal', 'see_determine_check_view deal']","['flowed', 'deal', 'average', 'nomination', 'meters', 'volume', 'gas', 'seeing', 'system', 'price', 'ensure', 'check', 'checked', 'flows', 'volumes', 'priced', 'checking', 'deals', 'determined', 'flowing', 'prices', 'path', 'checks', 'determine', 'mtr', 'total', 'viewing', 'flow', 'volume**management', 'meter', 'see', 'pops', 'trades', 'trade']"
"['receive gas', 'change_convert deal']","['changing', 'deal', 'nomination', 'invoice', 'changed', 'volume', 'ticket', 'fee', 'gas', 'pricing', 'price', 'modified', 'changes', 'volumes', 'converted', 'deals', 'priced', 'receive', 'nominations', 'demand', 'statements', 'receiving', 'tickets', 'change', 'counterparty', 'vary', 'demand**fees', 'statement', 'received', 'amount', 'demand**fee', 'spreadsheet']"
"['change_convert deal', 'set_put_fix_determine_adjust deal']","['changing', 'made', 'usage', 'deal', 'meters', 'make', 'changed', 'volume', 'determining', 'adjustments', 'ticket', 'fee', 'placed', 'pricing', 'ticketed', 'desk', 'price', 'modified', 'setting', 'put', 'volumes', 'changes', 'deals', 'converted', 'priced', 'demand', 'determined', 'tickets', 'change', 'counterparty', 'vary', 'adjust', 'demand**fees', 'adjusting', 'set', 'transport', 'amount', 'demand**fee', 'meter', 'strangers', 'fixed', 'adjusted']"
"['note deal', 'enter deal']","['entered', 'deal', 'purchases', 'meters', 'volume', 'note', 'ticket', 'noted', 'wellhead', 'volumes', 'book', 'deals', 'entering', 'sale', 'tickets', 'purchase', 'enter', 'demand**fee', 'meter']"
"['create deal', 'note deal']","['noted', 'create', 'deal', 'tickets', 'volume', 'volume**management', 'mtr', 'meter', 'note', 'ticket', 'deals', 'created', 'creating']"
"['wrap_roll deal', 'set_put_fix_determine_adjust deal']","['made', 'wrapped', 'usage', 'deal', 'meters', 'make', 'determining', 'adjustments', 'ticket', 'placed', 'ticketed', 'desk', 'setting', 'put', 'deals', 'determined', 'rolled', 'tickets', 'roll', 'adjust', 'adjusting', 'set', 'transport', 'meter', 'strangers', 'fixed', 'adjusted']"
"['purchase_buy gas', 'sell_trade natural0gas']","['sell', 'deal', 'purchased', 'selling', 'purchasing', 'buying', 'gas', 'buys', 'buy', 'deals', 'plant', 'market', 'sales', 'bought', 'sale', 'counterparty', 'purchase', 'counterparties', 'sold', 'natural**gas', 'trade', 'traded']"
"['expire deal', 'send_attach_ship transport0contract']","['attached', 'send', 'deal', 'volume', 'info', 'schedule', 'sending', 'term', 'terms', 'expiring', 'ship', 'contracts', 'attach', 'volumes', 'expired', 'deals', 'information', 'transport**contract', 'expires', 'contract', 'sent']"
"['extend deal', 'flow deal']","['flowed', 'deal', 'average', 'nomination', 'meters', 'volume', 'extend', 'gas', 'system', 'price', 'rest', 'flows', 'volumes', 'priced', 'deals', 'flowing', 'prices', 'extended', 'mtr', 'total', 'flow', 'contract', 'meter']"
"['send_attach_ship transport0contract', 'extend deal']","['attached', 'send', 'deal', 'volume', 'info', 'schedule', 'sending', 'term', 'extend', 'terms', 'ship', 'rest', 'contracts', 'attach', 'volumes', 'deals', 'information', 'transport**contract', 'extended', 'contract', 'sent', 'meter']"
"['expire deal', 'flow deal']","['flowed', 'deal', 'average', 'nomination', 'meters', 'volume', 'gas', 'expiring', 'system', 'price', 'flows', 'volumes', 'priced', 'expired', 'deals', 'flowing', 'prices', 'expires', 'mtr', 'total', 'flow', 'meter']"
"['set_put_fix_determine_adjust deal', 'set_put_fix_determine_adjust deal']","['made', 'usage', 'deal', 'meters', 'make', 'determining', 'adjustments', 'ticket', 'placed', 'ticketed', 'desk', 'setting', 'put', 'deals', 'determined', 'tickets', 'adjust', 'adjusting', 'set', 'transport', 'meter', 'strangers', 'fixed', 'adjusted']"
"['send_attach_ship transport0contract', 'set_put_fix_determine_adjust deal']","['attached', 'send', 'made', 'usage', 'deal', 'meters', 'make', 'determining', 'volume', 'adjustments', 'info', 'ticket', 'sending', 'schedule', 'term', 'placed', 'terms', 'ticketed', 'ship', 'desk', 'contracts', 'setting', 'attach', 'put', 'volumes', 'deals', 'information', 'determined', 'transport**contract', 'tickets', 'adjust', 'adjusting', 'set', 'transport', 'contract', 'sent', 'meter', 'strangers', 'fixed', 'adjusted']"
"['create deal', 'set_put_fix_determine_adjust deal']","['made', 'create', 'usage', 'deal', 'meters', 'make', 'determining', 'volume', 'adjustments', 'ticket', 'placed', 'created', 'creating', 'ticketed', 'desk', 'setting', 'put', 'deals', 'determined', 'tickets', 'mtr', 'adjust', 'adjusting', 'set', 'transport', 'volume**management', 'meter', 'strangers', 'fixed', 'adjusted']"
"['wrap_roll deal', 'flow deal']","['flowed', 'wrapped', 'deal', 'average', 'nomination', 'meters', 'volume', 'gas', 'system', 'price', 'flows', 'volumes', 'priced', 'deals', 'rolled', 'flowing', 'prices', 'roll', 'mtr', 'total', 'flow', 'meter']"
"['note deal', 'create deal']","['noted', 'create', 'deal', 'tickets', 'volume', 'volume**management', 'mtr', 'meter', 'note', 'ticket', 'deals', 'created', 'creating']"
"['note deal', 'note deal']","['deals', 'note', 'noted', 'deal']"
"['send_attach_ship transport0contract', 'create deal']","['attached', 'send', 'create', 'deal', 'volume', 'info', 'ticket', 'sending', 'schedule', 'term', 'terms', 'created', 'creating', 'ship', 'contracts', 'attach', 'volumes', 'deals', 'information', 'transport**contract', 'tickets', 'mtr', 'contract', 'sent', 'volume**management', 'meter']"
"['change_convert deal', 'make change']","['changing', 'made', 'deal', 'effective', 'make', 'changed', 'volume', 'making', 'ticket', 'fee', 'pricing', 'makes', 'price', 'minor', 'modified', 'changes', 'volumes', 'converted', 'deals', 'priced', 'demand', 'tickets', 'change', 'vary', 'counterparty', 'demand**fees', 'amount', 'demand**fee']"
"['set_put_fix_determine_adjust deal', 'sell_trade natural0gas']","['sell', 'made', 'usage', 'deal', 'meters', 'make', 'selling', 'determining', 'adjustments', 'ticket', 'placed', 'gas', 'ticketed', 'desk', 'setting', 'put', 'deals', 'plant', 'market', 'determined', 'tickets', 'counterparty', 'fixed', 'adjust', 'counterparties', 'adjusting', 'set', 'transport', 'sold', 'natural**gas', 'meter', 'trade', 'strangers', 'traded', 'adjusted']"
"['extend deal', 'send_attach_ship transport0contract']","['attached', 'send', 'deal', 'volume', 'info', 'schedule', 'sending', 'term', 'extend', 'terms', 'ship', 'rest', 'contracts', 'attach', 'volumes', 'deals', 'information', 'transport**contract', 'extended', 'contract', 'sent', 'meter']"
"['extend deal', 'handle_cover deal']","['deal', 'covers', 'rest', 'handle', 'cover', 'handling', 'extended', 'volume', 'volume**management', 'mtr', 'meter', 'contract', 'trades', 'handled', 'deals', 'extend']"
"['handle_cover deal', 'handle_cover deal']","['deal', 'covers', 'handling', 'handle', 'cover', 'volume', 'volume**management', 'meter', 'trades', 'handled', 'mtr', 'deals']"
"['handle_cover deal', 'flow deal']","['flowed', 'deal', 'average', 'nomination', 'handling', 'meters', 'volume', 'gas', 'system', 'price', 'handle', 'cover', 'flows', 'volumes', 'priced', 'deals', 'flowing', 'prices', 'mtr', 'total', 'covers', 'flow', 'volume**management', 'meter', 'trades', 'handled']"
"['create deal', 'allocate volume0management']","['create', 'deal', 'meters', 'volume', 'allocated', 'ticket', 'allocates', 'gas', 'created', 'creating', 'contracts', 'shortages', 'volumes', 'deals', 'buyback', 'tickets', 'mtr', 'allocating', 'allocate', 'contract', 'volume**management', 'meter']"
"['change_convert deal', 'extend deal']","['changing', 'deal', 'changed', 'volume', 'ticket', 'fee', 'extend', 'pricing', 'price', 'rest', 'modified', 'changes', 'volumes', 'converted', 'deals', 'priced', 'demand', 'tickets', 'extended', 'change', 'vary', 'counterparty', 'demand**fees', 'amount', 'contract', 'demand**fee', 'meter']"
"['sell_trade natural0gas', 'allocate volume0management']","['sell', 'deal', 'meters', 'selling', 'volume', 'allocated', 'ticket', 'allocates', 'gas', 'contracts', 'shortages', 'volumes', 'deals', 'plant', 'market', 'buyback', 'tickets', 'counterparty', 'mtr', 'allocating', 'counterparties', 'allocate', 'sold', 'contract', 'natural**gas', 'meter', 'volume**management', 'trade', 'traded']"
"['see_determine_check_view deal', 'allocate volume0management']","['deal', 'meters', 'volume', 'allocated', 'ticket', 'allocates', 'gas', 'seeing', 'system', 'price', 'ensure', 'contracts', 'check', 'checked', 'shortages', 'volumes', 'checking', 'deals', 'determined', 'buyback', 'prices', 'tickets', 'path', 'checks', 'determine', 'mtr', 'allocating', 'allocate', 'viewing', 'contract', 'volume**management', 'meter', 'see', 'pops', 'trades', 'trade']"
"['expire deal', 'schedule volume']","['scheduled', 'expiring', 'deal', 'scheduling', 'expires', 'volume', 'mtr', 'volumes', 'schedule', 'expired', 'gas']"
"['expire deal', 'allocate volume0management']","['deal', 'meters', 'volume', 'allocated', 'ticket', 'allocates', 'gas', 'expiring', 'contracts', 'shortages', 'volumes', 'expired', 'deals', 'buyback', 'expires', 'tickets', 'mtr', 'allocating', 'allocate', 'contract', 'volume**management', 'meter']"
"['flow deal', 'make decision']","['flowed', 'made', 'deal', 'average', 'decision', 'nomination', 'make', 'meters', 'volume', 'making', 'decisions', 'gas', 'makes', 'system', 'price', 'flows', 'volumes', 'priced', 'deals', 'sales', 'flowing', 'sale', 'prices', 'money', 'mtr', 'total', 'oom', 'flow', 'meter', 'trade']"
"['pay pricenumeric', 'purchase_buy gas']","['sales', 'buying', 'bought', 'sale', 'deal', 'paid', 'pay', 'purchased', 'buys', 'purchase', 'paying', 'purchasing', 'buy', 'deals', 'plant', 'gas']"
"['receive gas', 'purchase_buy gas']","['deal', 'nomination', 'purchased', 'invoice', 'purchasing', 'buying', 'gas', 'buys', 'buy', 'deals', 'plant', 'receive', 'nominations', 'sales', 'statements', 'bought', 'sale', 'receiving', 'purchase', 'statement', 'received', 'spreadsheet']"
"['purchase_buy gas', 'create deal']","['create', 'deal', 'purchased', 'volume', 'purchasing', 'ticket', 'buying', 'gas', 'created', 'creating', 'buys', 'buy', 'deals', 'plant', 'sales', 'bought', 'sale', 'tickets', 'purchase', 'mtr', 'volume**management', 'meter']"
"['purchase_buy gas', 'handle_cover deal']","['deal', 'handling', 'purchased', 'volume', 'purchasing', 'buying', 'gas', 'handle', 'cover', 'buys', 'buy', 'deals', 'plant', 'sales', 'bought', 'sale', 'purchase', 'mtr', 'covers', 'volume**management', 'meter', 'trades', 'handled']"
"['allocate volume0management', 'make decision']","['made', 'deal', 'decision', 'make', 'meters', 'volume', 'making', 'allocated', 'decisions', 'ticket', 'allocates', 'gas', 'makes', 'contracts', 'shortages', 'volumes', 'deals', 'sales', 'buyback', 'sale', 'tickets', 'money', 'mtr', 'allocating', 'allocate', 'oom', 'contract', 'volume**management', 'meter', 'trade']"
"['allocate volume0management', 'change_convert deal']","['changing', 'deal', 'meters', 'changed', 'volume', 'allocated', 'ticket', 'allocates', 'fee', 'gas', 'pricing', 'price', 'contracts', 'modified', 'shortages', 'changes', 'volumes', 'converted', 'deals', 'priced', 'demand', 'buyback', 'tickets', 'change', 'counterparty', 'vary', 'mtr', 'allocating', 'demand**fees', 'allocate', 'amount', 'contract', 'demand**fee', 'meter', 'volume**management']"
"['receive gas', 'see_determine_check_view deal']","['deal', 'nomination', 'meters', 'invoice', 'volume', 'gas', 'seeing', 'system', 'price', 'ensure', 'check', 'checked', 'volumes', 'checking', 'deals', 'receive', 'nominations', 'determined', 'statements', 'receiving', 'prices', 'path', 'checks', 'determine', 'statement', 'received', 'viewing', 'volume**management', 'meter', 'see', 'pops', 'trades', 'trade', 'spreadsheet']"
"['see_determine_check_view deal', 'see_determine_check_view deal']","['deal', 'meters', 'volume', 'seeing', 'system', 'price', 'ensure', 'check', 'checked', 'volumes', 'checking', 'deals', 'determined', 'prices', 'path', 'checks', 'determine', 'viewing', 'volume**management', 'meter', 'see', 'pops', 'trades', 'trade']"
"['send_attach_ship transport0contract', 'handle_cover deal']","['attached', 'send', 'deal', 'handling', 'volume', 'info', 'schedule', 'sending', 'term', 'terms', 'ship', 'contracts', 'cover', 'handle', 'attach', 'volumes', 'deals', 'information', 'transport**contract', 'mtr', 'covers', 'contract', 'sent', 'volume**management', 'meter', 'trades', 'handled']"
"['create deal', 'handle_cover deal']","['create', 'deal', 'covers', 'handling', 'handle', 'cover', 'tickets', 'volume', 'volume**management', 'mtr', 'meter', 'trades', 'ticket', 'handled', 'deals', 'created', 'creating']"
"['create deal', 'flow deal']","['flowed', 'create', 'deal', 'average', 'nomination', 'meters', 'volume', 'ticket', 'created', 'gas', 'creating', 'system', 'price', 'flows', 'volumes', 'priced', 'deals', 'flowing', 'prices', 'tickets', 'mtr', 'total', 'flow', 'volume**management', 'meter']"
"['wrap_roll deal', 'extend deal']","['wrapped', 'rolled', 'deal', 'rest', 'contract', 'extended', 'roll', 'meter', 'deals', 'extend']"
"['wrap_roll deal', 'create deal']","['wrapped', 'create', 'deal', 'rolled', 'tickets', 'volume', 'volume**management', 'mtr', 'meter', 'roll', 'ticket', 'deals', 'created', 'creating']"
"['allocate volume0management', 'extend deal']","['deal', 'meters', 'volume', 'allocated', 'ticket', 'allocates', 'extend', 'gas', 'rest', 'contracts', 'shortages', 'volumes', 'deals', 'buyback', 'tickets', 'extended', 'mtr', 'allocating', 'allocate', 'contract', 'volume**management', 'meter']"
"['sell_trade natural0gas', 'set_put_fix_determine_adjust deal']","['sell', 'made', 'usage', 'deal', 'meters', 'make', 'selling', 'determining', 'adjustments', 'ticket', 'placed', 'gas', 'ticketed', 'desk', 'setting', 'put', 'deals', 'plant', 'market', 'determined', 'tickets', 'counterparty', 'fixed', 'adjust', 'counterparties', 'adjusting', 'set', 'transport', 'sold', 'natural**gas', 'meter', 'trade', 'strangers', 'traded', 'adjusted']"
"['leave_result line_note', 'set_put_fix_determine_adjust deal']","['arena', 'made', 'usage', 'deal', 'meters', 'make', 'determining', 'resulting', 'middle', 'adjustments', 'note', 'ticket', 'placed', 'ticketed', 'message', 'desk', 'koch', 'setting', 'result', 'put', 'deals', 'leaving', 'determined', 'sale', 'leave', 'tickets', 'adjust', 'adjusting', 'set', 'transport', 'line', 'meter', 'lines', 'left', 'strangers', 'fixed', 'majority', 'adjusted']"
"['change_convert deal', 'enter deal']","['entered', 'changing', 'deal', 'purchases', 'meters', 'changed', 'volume', 'ticket', 'fee', 'pricing', 'price', 'modified', 'wellhead', 'volumes', 'book', 'deals', 'changes', 'converted', 'priced', 'demand', 'entering', 'sale', 'tickets', 'change', 'purchase', 'counterparty', 'vary', 'enter', 'demand**fees', 'amount', 'demand**fee', 'meter']"
"['flow deal', 'expect volume']","['flowed', 'deal', 'average', 'nomination', 'meters', 'volume', 'gas', 'expect', 'system', 'price', 'flows', 'volumes', 'priced', 'deals', 'flowing', 'prices', 'expected', 'mtr', 'total', 'flow', 'meter']"
"['allocate volume0management', 'wrap_roll deal']","['wrapped', 'deal', 'meters', 'volume', 'allocated', 'ticket', 'allocates', 'gas', 'contracts', 'shortages', 'volumes', 'deals', 'rolled', 'buyback', 'tickets', 'roll', 'mtr', 'allocating', 'allocate', 'contract', 'volume**management', 'meter']"
"['allocate volume0management', 'handle_cover deal']","['deal', 'handling', 'meters', 'volume', 'allocated', 'ticket', 'allocates', 'gas', 'handle', 'cover', 'contracts', 'shortages', 'volumes', 'deals', 'buyback', 'tickets', 'mtr', 'allocating', 'allocate', 'covers', 'contract', 'volume**management', 'meter', 'trades', 'handled']"
"['set_put_fix_determine_adjust deal', 'change_convert deal']","['changing', 'made', 'usage', 'deal', 'meters', 'make', 'changed', 'volume', 'determining', 'adjustments', 'ticket', 'fee', 'placed', 'pricing', 'ticketed', 'desk', 'price', 'modified', 'setting', 'put', 'volumes', 'changes', 'deals', 'converted', 'priced', 'demand', 'determined', 'tickets', 'change', 'counterparty', 'vary', 'adjust', 'demand**fees', 'adjusting', 'set', 'transport', 'amount', 'demand**fee', 'meter', 'strangers', 'fixed', 'adjusted']"
"['receive gas', 'reflect deal']","['received', 'statement', 'statements', 'deal', 'receive', 'nominations', 'reflect', 'nomination', 'receiving', 'invoice', 'deals', 'spreadsheet', 'gas']"
"['change_convert deal', 'sell_trade natural0gas']","['sell', 'changing', 'deal', 'selling', 'changed', 'volume', 'ticket', 'fee', 'gas', 'pricing', 'price', 'modified', 'changes', 'volumes', 'converted', 'deals', 'plant', 'priced', 'market', 'demand', 'tickets', 'change', 'counterparty', 'vary', 'counterparties', 'demand**fees', 'amount', 'sold', 'natural**gas', 'demand**fee', 'trade', 'traded']"
"['change_convert deal', 'see_understand_determine_check gas']","['changing', 'deal', 'changed', 'volume', 'ticket', 'fee', 'gas', 'pricing', 'price', 'check', 'modified', 'changes', 'volumes', 'converted', 'deals', 'priced', 'understood', 'demand', 'sale', 'tickets', 'determine', 'change', 'vary', 'counterparty', 'demand**fees', 'amount', 'determines', 'demand**fee', 'see', 'understand']"
"['change_convert deal', 'show deal']","['changing', 'products', 'document', 'deal', 'meters', 'changed', 'volume', 'agreements', 'ticket', 'showing', 'shown', 'fee', 'gas', 'pricing', 'price', 'product', 'modified', 'agreement', 'indicates', 'master', 'changes', 'volumes', 'converted', 'deals', 'priced', 'demand', 'indicate', 'shows', 'tickets', 'change', 'counterparty', 'vary', 'showed', 'indicated', 'designated', 'demand**fees', 'counterparties', 'amount', 'credit', 'demand**fee', 'show', 'meter', 'master**netting', 'trades']"
"['sell_trade natural0gas', 'change_convert deal']","['sell', 'changing', 'deal', 'selling', 'changed', 'volume', 'ticket', 'fee', 'gas', 'pricing', 'price', 'modified', 'changes', 'volumes', 'converted', 'deals', 'plant', 'priced', 'market', 'demand', 'tickets', 'change', 'counterparty', 'vary', 'counterparties', 'demand**fees', 'amount', 'sold', 'natural**gas', 'demand**fee', 'trade', 'traded']"
"['deliver gas', 'change_convert deal']","['changing', 'deal', 'settlement', 'changed', 'volume', 'ticket', 'fee', 'gas', 'pricing', 'resolution', 'price', 'modified', 'changes', 'volumes', 'presented', 'deals', 'converted', 'priced', 'deliver', 'demand', 'tickets', 'change', 'counterparty', 'vary', 'demand**fees', 'amount', 'demand**fee', 'delivered']"
"['receive_incur gas', 'change_convert deal']","['changing', 'deal', 'changed', 'volume', 'ticket', 'fee', 'gas', 'pricing', 'price', 'modified', 'changes', 'volumes', 'converted', 'deals', 'priced', 'receive', 'demand', 'error', 'receiving', 'tickets', 'change', 'vary', 'counterparty', 'demand**fees', 'incurring', 'received', 'amount', 'demand**fee', 'incur']"
"['wrap_roll deal', 'expire deal']","['expiring', 'wrapped', 'deal', 'rolled', 'expires', 'roll', 'expired', 'deals']"
"['send_attach_ship transport0contract', 'adjust_set volume']","['attached', 'send', 'deal', 'volume', 'info', 'schedule', 'sending', 'term', 'terms', 'ship', 'contracts', 'attach', 'wellhead', 'volumes', 'deals', 'information', 'transport**contract', 'adjust', 'set', 'contract', 'sent', 'adjusted']"
"['purchase_buy gas', 'change_convert deal']","['changing', 'deal', 'purchased', 'changed', 'volume', 'ticket', 'purchasing', 'fee', 'buying', 'gas', 'pricing', 'price', 'buys', 'modified', 'changes', 'volumes', 'buy', 'deals', 'plant', 'converted', 'priced', 'sales', 'demand', 'bought', 'sale', 'tickets', 'change', 'counterparty', 'purchase', 'vary', 'demand**fees', 'amount', 'demand**fee']"
"['schedule volume', 'pay pricenumeric']","['sales', 'scheduled', 'deal', 'paid', 'pay', 'scheduling', 'volume', 'volumes', 'paying', 'schedule', 'mtr', 'gas']"
"['show deal', 'pay pricenumeric']","['products', 'document', 'deal', 'paid', 'meters', 'agreements', 'showing', 'shown', 'gas', 'product', 'agreement', 'indicates', 'master', 'changes', 'deals', 'sales', 'indicate', 'shows', 'change', 'paying', 'showed', 'indicated', 'designated', 'counterparties', 'pay', 'credit', 'show', 'meter', 'master**netting', 'trades']"
"['extend deal', 'revise numeric']","['oil', 'deal', 'effective', 'nomination', 'rest', 'meters', 'revised', 'contract', 'extended', 'volume', 'meter', 'zone', 'revising', 'volumes', 'deals', 'extend', 'nominations']"
"['settle_resolve issue', 'create deal']","['create', 'resolves', 'deal', 'resolved', 'settled', 'issues', 'resolve', 'tickets', 'volume', 'volume**management', 'mtr', 'meter', 'issue', 'ticket', 'deals', 'created', 'creating']"
"['settle_resolve issue', 'enter deal']","['entered', 'resolves', 'deal', 'purchases', 'issues', 'resolve', 'meters', 'volume', 'ticket', 'wellhead', 'book', 'volumes', 'deals', 'entering', 'sale', 'tickets', 'purchase', 'enter', 'resolved', 'settled', 'demand**fee', 'meter', 'issue']"
"['allocate volume0management', 'create deal']","['create', 'deal', 'meters', 'volume', 'allocated', 'ticket', 'allocates', 'gas', 'created', 'creating', 'contracts', 'shortages', 'volumes', 'deals', 'buyback', 'tickets', 'mtr', 'allocating', 'allocate', 'contract', 'volume**management', 'meter']"
"['allocate volume0management', 'enter deal']","['entered', 'deal', 'purchases', 'meters', 'volume', 'allocated', 'ticket', 'allocates', 'gas', 'contracts', 'shortages', 'wellhead', 'volumes', 'book', 'deals', 'entering', 'buyback', 'sale', 'tickets', 'purchase', 'mtr', 'enter', 'allocating', 'allocate', 'contract', 'demand**fee', 'meter', 'volume**management']"
"['revise numeric', 'set_put_fix_determine_adjust deal']","['made', 'usage', 'deal', 'oil', 'effective', 'nomination', 'meters', 'make', 'determining', 'volume', 'adjustments', 'ticket', 'placed', 'ticketed', 'desk', 'revised', 'setting', 'put', 'volumes', 'deals', 'nominations', 'determined', 'tickets', 'revising', 'adjust', 'adjusting', 'set', 'transport', 'meter', 'zone', 'strangers', 'fixed', 'adjusted']"
"['revise numeric', 'add deal']","['add', 'cost', 'oil', 'deal', 'effective', 'nomination', 'meters', 'volume', 'fees', 'ticket', 'adding', 'price', 'revised', 'volumes', 'deals', 'nominations', 'supplying', 'tickets', 'revising', 'demand**fees', 'added', 'demand**fee', 'meter', 'zone']"
"['revise numeric', 'settle_resolve issue']","['resolves', 'oil', 'deal', 'effective', 'nomination', 'resolve', 'issues', 'meters', 'volume', 'revised', 'volumes', 'deals', 'nominations', 'revising', 'resolved', 'settled', 'meter', 'issue', 'zone']"
"['enter deal', 'settle_resolve issue']","['entered', 'resolves', 'deal', 'purchases', 'issues', 'resolve', 'meters', 'volume', 'ticket', 'wellhead', 'book', 'volumes', 'deals', 'entering', 'sale', 'tickets', 'purchase', 'enter', 'resolved', 'settled', 'demand**fee', 'meter', 'issue']"
"['change_convert deal', 'settle_resolve issue']","['changing', 'resolves', 'deal', 'issues', 'resolve', 'changed', 'volume', 'ticket', 'fee', 'pricing', 'price', 'modified', 'changes', 'volumes', 'converted', 'deals', 'priced', 'demand', 'tickets', 'change', 'vary', 'counterparty', 'demand**fees', 'resolved', 'settled', 'amount', 'demand**fee', 'issue']"
"['revise numeric', 'change_convert deal']","['changing', 'oil', 'deal', 'effective', 'nomination', 'meters', 'changed', 'volume', 'ticket', 'fee', 'pricing', 'price', 'revised', 'modified', 'changes', 'volumes', 'converted', 'deals', 'priced', 'nominations', 'demand', 'tickets', 'change', 'counterparty', 'vary', 'revising', 'demand**fees', 'amount', 'demand**fee', 'meter', 'zone']"
"['set_put_fix_determine_adjust deal', 'create deal']","['made', 'create', 'usage', 'deal', 'meters', 'make', 'determining', 'volume', 'adjustments', 'ticket', 'placed', 'created', 'creating', 'ticketed', 'desk', 'setting', 'put', 'deals', 'determined', 'tickets', 'mtr', 'adjust', 'adjusting', 'set', 'transport', 'volume**management', 'meter', 'strangers', 'fixed', 'adjusted']"
"['wrap_roll deal', 'send_attach_ship transport0contract']","['attached', 'send', 'wrapped', 'deal', 'volume', 'info', 'schedule', 'sending', 'term', 'terms', 'ship', 'contracts', 'attach', 'volumes', 'deals', 'information', 'rolled', 'transport**contract', 'roll', 'contract', 'sent']"
"['show deal', 'send_attach_ship transport0contract']","['attached', 'send', 'document', 'products', 'deal', 'meters', 'volume', 'info', 'agreements', 'showing', 'schedule', 'sending', 'term', 'shown', 'gas', 'terms', 'ship', 'contracts', 'product', 'agreement', 'indicates', 'master', 'attach', 'changes', 'volumes', 'deals', 'information', 'indicate', 'transport**contract', 'shows', 'change', 'showed', 'indicated', 'designated', 'counterparties', 'credit', 'contract', 'sent', 'show', 'meter', 'master**netting', 'trades']"
"['send_attach_ship transport0contract', 'enter deal']","['entered', 'attached', 'send', 'deal', 'purchases', 'meters', 'volume', 'info', 'ticket', 'sending', 'schedule', 'term', 'terms', 'ship', 'contracts', 'attach', 'wellhead', 'volumes', 'book', 'deals', 'information', 'entering', 'sale', 'transport**contract', 'tickets', 'purchase', 'enter', 'contract', 'sent', 'demand**fee', 'meter']"
"['set_put_fix_determine_adjust deal', 'agree_match_fit_accord contract']","['made', 'usage', 'deal', 'meters', 'make', 'determining', 'adjustments', 'fit', 'ticket', 'according', 'placed', 'ticketed', 'desk', 'contracts', 'setting', 'put', 'deals', 'determined', 'tickets', 'agrees', 'fixed', 'adjust', 'match', 'adjusting', 'set', 'transport', 'contract', 'meter', 'strangers', 'agree', 'adjusted']"
"['flow deal', 'see_understand_determine_check gas']","['flowed', 'deal', 'average', 'nomination', 'meters', 'volume', 'gas', 'system', 'price', 'check', 'flows', 'volumes', 'priced', 'deals', 'understood', 'flowing', 'sale', 'prices', 'determine', 'mtr', 'total', 'determines', 'flow', 'meter', 'see', 'understand']"
"['sell_trade natural0gas', 'sell_trade natural0gas']","['counterparties', 'sell', 'deal', 'sold', 'selling', 'market', 'natural**gas', 'counterparty', 'trade', 'deals', 'plant', 'traded', 'gas']"
"['handle_cover deal', 'create deal']","['create', 'deal', 'covers', 'handling', 'handle', 'cover', 'tickets', 'volume', 'volume**management', 'mtr', 'meter', 'trades', 'ticket', 'handled', 'deals', 'created', 'creating']"
"['handle_cover deal', 'sell_trade natural0gas']","['sell', 'deal', 'handling', 'selling', 'volume', 'gas', 'handle', 'cover', 'deals', 'plant', 'market', 'counterparty', 'mtr', 'counterparties', 'covers', 'sold', 'natural**gas', 'volume**management', 'meter', 'trades', 'trade', 'handled', 'traded']"
"['handle_cover deal', 'see_determine_check_view deal']","['deal', 'handling', 'meters', 'volume', 'seeing', 'system', 'price', 'ensure', 'handle', 'check', 'cover', 'checked', 'volumes', 'checking', 'deals', 'determined', 'prices', 'path', 'checks', 'determine', 'mtr', 'covers', 'viewing', 'volume**management', 'meter', 'see', 'pops', 'trades', 'trade', 'handled']"
"['flow deal', 'use_apply deal']","['flowed', 'used', 'deal', 'average', 'nomination', 'meters', 'volume', 'gas', 'system', 'price', 'flows', 'volumes', 'priced', 'deals', 'flowing', 'prices', 'use', 'mtr', 'total', 'apply', 'flow', 'meter']"
"['show deal', 'purchase_buy gas']","['products', 'document', 'deal', 'meters', 'purchased', 'agreements', 'purchasing', 'showing', 'shown', 'buying', 'gas', 'product', 'buys', 'agreement', 'indicates', 'master', 'changes', 'buy', 'deals', 'plant', 'sales', 'indicate', 'bought', 'sale', 'shows', 'change', 'purchase', 'showed', 'indicated', 'designated', 'counterparties', 'credit', 'show', 'meter', 'master**netting', 'trades']"
"['extend deal', 'schedule volume']","['scheduled', 'deal', 'rest', 'scheduling', 'contract', 'extended', 'volume', 'mtr', 'meter', 'volumes', 'schedule', 'deals', 'extend', 'gas']"
"['make change', 'change_convert deal']","['changing', 'made', 'deal', 'effective', 'make', 'changed', 'volume', 'making', 'ticket', 'fee', 'pricing', 'makes', 'price', 'minor', 'modified', 'changes', 'volumes', 'converted', 'deals', 'priced', 'demand', 'tickets', 'change', 'vary', 'counterparty', 'demand**fees', 'amount', 'demand**fee']"
"['create deal', 'send_attach_ship transport0contract']","['attached', 'send', 'create', 'deal', 'volume', 'info', 'ticket', 'sending', 'schedule', 'term', 'terms', 'created', 'creating', 'ship', 'contracts', 'attach', 'volumes', 'deals', 'information', 'transport**contract', 'tickets', 'mtr', 'contract', 'sent', 'volume**management', 'meter']"
"['create deal', 'use_apply transport0contract']","['used', 'create', 'deal', 'pipes', 'volume', 'ticket', 'created', 'creating', 'contracts', 'applied', 'deals', 'transport**contract', 'tickets', 'use', 'mtr', 'apply', 'contract', 'volume**management', 'meter']"
"['create deal', 'put_assign contract']","['create', 'deal', 'contracts', 'putting', 'tickets', 'contract', 'volume', 'volume**management', 'mtr', 'meter', 'assigned', 'assigning', 'put', 'ticket', 'deals', 'market', 'created', 'creating']"
"['send_attach_ship transport0contract', 'use_apply transport0contract']","['used', 'attached', 'send', 'deal', 'pipes', 'volume', 'info', 'schedule', 'sending', 'term', 'terms', 'ship', 'contracts', 'attach', 'volumes', 'applied', 'deals', 'information', 'transport**contract', 'use', 'apply', 'contract', 'sent']"
"['allocate volume0management', 'use_apply transport0contract']","['used', 'deal', 'pipes', 'meters', 'volume', 'allocated', 'ticket', 'allocates', 'gas', 'contracts', 'shortages', 'volumes', 'applied', 'deals', 'buyback', 'transport**contract', 'tickets', 'use', 'mtr', 'allocating', 'apply', 'allocate', 'contract', 'volume**management', 'meter']"
"['expire deal', 'change_convert deal']","['changing', 'deal', 'changed', 'volume', 'ticket', 'fee', 'pricing', 'expiring', 'price', 'modified', 'changes', 'volumes', 'converted', 'expired', 'deals', 'priced', 'demand', 'expires', 'tickets', 'change', 'vary', 'counterparty', 'demand**fees', 'amount', 'demand**fee']"
"['flow deal', 'change_convert deal']","['flowed', 'changing', 'deal', 'average', 'nomination', 'meters', 'changed', 'volume', 'ticket', 'fee', 'gas', 'pricing', 'system', 'price', 'modified', 'flows', 'changes', 'volumes', 'priced', 'deals', 'converted', 'demand', 'flowing', 'prices', 'tickets', 'change', 'counterparty', 'vary', 'mtr', 'total', 'demand**fees', 'amount', 'flow', 'demand**fee', 'meter']"
"['change_convert deal', 'create deal']","['changing', 'create', 'deal', 'changed', 'volume', 'ticket', 'fee', 'created', 'creating', 'pricing', 'price', 'modified', 'changes', 'volumes', 'converted', 'deals', 'priced', 'demand', 'tickets', 'change', 'counterparty', 'vary', 'mtr', 'demand**fees', 'amount', 'demand**fee', 'meter', 'volume**management']"
"['allocate volume0management', 'allocate volume0management']","['deal', 'meters', 'volume', 'allocated', 'ticket', 'allocates', 'gas', 'contracts', 'shortages', 'volumes', 'deals', 'buyback', 'tickets', 'mtr', 'allocating', 'allocate', 'contract', 'volume**management', 'meter']"
"['flow deal', 'receive_incur gas']","['flowed', 'deal', 'average', 'nomination', 'meters', 'volume', 'gas', 'system', 'price', 'flows', 'volumes', 'priced', 'deals', 'receive', 'error', 'flowing', 'receiving', 'prices', 'mtr', 'total', 'incurring', 'received', 'flow', 'meter', 'incur']"
"['sell_trade natural0gas', 'send_attach_ship transport0contract']","['attached', 'sell', 'send', 'deal', 'selling', 'volume', 'info', 'sending', 'schedule', 'term', 'terms', 'gas', 'ship', 'contracts', 'attach', 'volumes', 'deals', 'plant', 'market', 'information', 'transport**contract', 'counterparty', 'counterparties', 'sold', 'contract', 'sent', 'natural**gas', 'trade', 'traded']"
"['see_determine_check_view deal', 'send_attach_ship transport0contract']","['attached', 'send', 'deal', 'meters', 'volume', 'info', 'sending', 'schedule', 'term', 'terms', 'seeing', 'ship', 'system', 'price', 'ensure', 'contracts', 'check', 'checked', 'attach', 'volumes', 'checking', 'deals', 'information', 'determined', 'transport**contract', 'prices', 'path', 'checks', 'determine', 'viewing', 'contract', 'sent', 'volume**management', 'meter', 'see', 'pops', 'trades', 'trade']"
"['deliver gas', 'send_attach_ship transport0contract']","['attached', 'send', 'deal', 'settlement', 'volume', 'info', 'schedule', 'sending', 'term', 'terms', 'gas', 'ship', 'resolution', 'contracts', 'attach', 'volumes', 'presented', 'deals', 'deliver', 'information', 'transport**contract', 'contract', 'sent', 'delivered']"
"['deliver gas', 'allocate volume0management']","['deal', 'settlement', 'meters', 'volume', 'allocated', 'ticket', 'allocates', 'gas', 'resolution', 'contracts', 'shortages', 'volumes', 'presented', 'deals', 'deliver', 'buyback', 'tickets', 'mtr', 'allocating', 'allocate', 'contract', 'delivered', 'meter', 'volume**management']"
"['schedule volume', 'extend deal']","['scheduled', 'deal', 'rest', 'scheduling', 'contract', 'extended', 'volume', 'mtr', 'meter', 'volumes', 'schedule', 'deals', 'extend', 'gas']"
"['schedule volume', 'expire deal']","['scheduled', 'expiring', 'deal', 'scheduling', 'expires', 'volume', 'mtr', 'volumes', 'schedule', 'expired', 'gas']"
"['schedule volume', 'add deal']","['add', 'scheduled', 'cost', 'deal', 'volume', 'fees', 'ticket', 'schedule', 'gas', 'adding', 'price', 'scheduling', 'volumes', 'deals', 'supplying', 'tickets', 'mtr', 'demand**fees', 'added', 'demand**fee']"
"['schedule volume', 'keep_continue desk']","['scheduled', 'desks', 'deal', 'desk', 'keep', 'kept', 'scheduling', 'vince', 'keeps', 'jake', 'volume', 'continue', 'tom', 'volumes', 'schedule', 'mtr', 'deals', 'gas']"
"['see_determine_check_view deal', 'extend deal']","['deal', 'meters', 'volume', 'extend', 'seeing', 'system', 'price', 'rest', 'ensure', 'check', 'checked', 'volumes', 'checking', 'deals', 'determined', 'prices', 'path', 'extended', 'checks', 'determine', 'viewing', 'contract', 'volume**management', 'meter', 'see', 'pops', 'trades', 'trade']"
"['see_determine_check_view deal', 'expire deal']","['deal', 'meters', 'volume', 'seeing', 'expiring', 'system', 'price', 'ensure', 'check', 'checked', 'volumes', 'checking', 'expired', 'deals', 'determined', 'prices', 'expires', 'path', 'checks', 'determine', 'viewing', 'volume**management', 'meter', 'see', 'pops', 'trades', 'trade']"
"['see_determine_check_view deal', 'add deal']","['add', 'cost', 'deal', 'meters', 'volume', 'fees', 'ticket', 'seeing', 'adding', 'system', 'price', 'ensure', 'check', 'checked', 'volumes', 'checking', 'deals', 'supplying', 'determined', 'prices', 'path', 'tickets', 'checks', 'determine', 'demand**fees', 'viewing', 'added', 'demand**fee', 'meter', 'see', 'pops', 'volume**management', 'trades', 'trade']"
"['see_determine_check_view deal', 'keep_continue desk']","['deal', 'meters', 'volume', 'seeing', 'desk', 'system', 'price', 'ensure', 'jake', 'check', 'checked', 'volumes', 'checking', 'deals', 'desks', 'determined', 'keep', 'kept', 'prices', 'vince', 'path', 'checks', 'tom', 'determine', 'viewing', 'keeps', 'continue', 'volume**management', 'meter', 'see', 'pops', 'trades', 'trade']"
"['schedule volume', 'make decision']","['scheduled', 'made', 'deal', 'decision', 'make', 'volume', 'making', 'decisions', 'schedule', 'gas', 'makes', 'scheduling', 'volumes', 'deals', 'sales', 'sale', 'money', 'mtr', 'oom', 'trade']"
"['see_determine_check_view deal', 'make decision']","['made', 'deal', 'decision', 'make', 'meters', 'volume', 'making', 'decisions', 'seeing', 'makes', 'system', 'price', 'ensure', 'check', 'checked', 'volumes', 'checking', 'deals', 'sales', 'determined', 'sale', 'prices', 'path', 'checks', 'determine', 'money', 'oom', 'viewing', 'volume**management', 'meter', 'see', 'pops', 'trades', 'trade']"
"['enter deal', 'purchase_buy gas']","['entered', 'deal', 'purchases', 'meters', 'purchased', 'volume', 'purchasing', 'ticket', 'buying', 'gas', 'buys', 'wellhead', 'book', 'buy', 'deals', 'plant', 'volumes', 'sales', 'entering', 'bought', 'sale', 'tickets', 'purchase', 'enter', 'demand**fee', 'meter']"
"['use_apply deal', 'change_convert deal']","['used', 'changing', 'deal', 'changed', 'volume', 'ticket', 'fee', 'pricing', 'price', 'modified', 'changes', 'volumes', 'converted', 'deals', 'priced', 'demand', 'tickets', 'change', 'vary', 'counterparty', 'use', 'demand**fees', 'apply', 'amount', 'demand**fee']"
"['use_apply deal', 'create deal']","['used', 'apply', 'create', 'deal', 'tickets', 'volume', 'volume**management', 'mtr', 'meter', 'use', 'ticket', 'deals', 'created', 'creating']"
"['purchase_buy gas', 'receive_incur gas']","['deal', 'purchased', 'purchasing', 'buying', 'gas', 'buys', 'buy', 'deals', 'plant', 'receive', 'sales', 'error', 'bought', 'sale', 'receiving', 'purchase', 'incurring', 'received', 'incur']"
"['receive gas', 'create deal']","['create', 'deal', 'nomination', 'invoice', 'volume', 'ticket', 'gas', 'created', 'creating', 'deals', 'receive', 'nominations', 'statements', 'receiving', 'tickets', 'mtr', 'statement', 'received', 'volume**management', 'meter', 'spreadsheet']"
"['receive gas', 'handle_cover deal']","['deal', 'nomination', 'handling', 'invoice', 'volume', 'gas', 'handle', 'cover', 'deals', 'receive', 'nominations', 'statements', 'receiving', 'mtr', 'statement', 'received', 'covers', 'volume**management', 'meter', 'trades', 'handled', 'spreadsheet']"
"['pay pricenumeric', 'create deal']","['sales', 'create', 'deal', 'paid', 'pay', 'tickets', 'volume', 'volume**management', 'mtr', 'meter', 'gas', 'ticket', 'paying', 'deals', 'created', 'creating']"
"['pay pricenumeric', 'handle_cover deal']","['sales', 'deal', 'covers', 'paid', 'handle', 'cover', 'handling', 'pay', 'volume', 'volume**management', 'meter', 'trades', 'paying', 'handled', 'mtr', 'deals', 'gas']"
"['pay pricenumeric', 'see_determine_check_view deal']","['deal', 'paid', 'meters', 'volume', 'gas', 'seeing', 'system', 'price', 'ensure', 'check', 'checked', 'volumes', 'checking', 'deals', 'sales', 'determined', 'prices', 'path', 'checks', 'determine', 'paying', 'pay', 'viewing', 'volume**management', 'meter', 'see', 'pops', 'trades', 'trade']"
"['see_determine_check_view deal', 'create deal']","['create', 'deal', 'meters', 'volume', 'ticket', 'created', 'seeing', 'creating', 'system', 'price', 'ensure', 'check', 'checked', 'volumes', 'checking', 'deals', 'determined', 'prices', 'tickets', 'path', 'checks', 'determine', 'mtr', 'viewing', 'volume**management', 'meter', 'see', 'pops', 'trades', 'trade']"
"['see_determine_check_view deal', 'handle_cover deal']","['deal', 'handling', 'meters', 'volume', 'seeing', 'system', 'price', 'ensure', 'handle', 'check', 'cover', 'checked', 'volumes', 'checking', 'deals', 'determined', 'prices', 'path', 'checks', 'determine', 'mtr', 'covers', 'viewing', 'volume**management', 'meter', 'see', 'pops', 'trades', 'trade', 'handled']"
"['purchase_buy gas', 'see_determine_check_view deal']","['deal', 'meters', 'purchased', 'volume', 'purchasing', 'buying', 'gas', 'seeing', 'system', 'price', 'ensure', 'check', 'buys', 'checked', 'volumes', 'buy', 'checking', 'deals', 'plant', 'sales', 'determined', 'bought', 'sale', 'prices', 'path', 'checks', 'determine', 'purchase', 'viewing', 'volume**management', 'meter', 'see', 'pops', 'trades', 'trade']"
"['see_determine_check_view deal', 'set_put_fix_determine_adjust deal']","['made', 'usage', 'deal', 'meters', 'make', 'determining', 'volume', 'adjustments', 'ticket', 'placed', 'seeing', 'ticketed', 'desk', 'system', 'price', 'ensure', 'check', 'checked', 'setting', 'put', 'volumes', 'checking', 'deals', 'determined', 'prices', 'tickets', 'path', 'checks', 'determine', 'adjust', 'adjusting', 'set', 'transport', 'viewing', 'volume**management', 'meter', 'see', 'pops', 'trades', 'trade', 'strangers', 'fixed', 'adjusted']"
"['send_attach_ship transport0contract', 'allocate volume0management']","['attached', 'send', 'deal', 'meters', 'volume', 'info', 'allocated', 'ticket', 'sending', 'schedule', 'term', 'allocates', 'gas', 'terms', 'ship', 'contracts', 'shortages', 'attach', 'volumes', 'deals', 'information', 'buyback', 'transport**contract', 'tickets', 'mtr', 'allocating', 'allocate', 'contract', 'sent', 'volume**management', 'meter']"
"['extend deal', 'allocate volume0management']","['deal', 'meters', 'volume', 'allocated', 'ticket', 'allocates', 'extend', 'gas', 'rest', 'contracts', 'shortages', 'volumes', 'deals', 'buyback', 'tickets', 'extended', 'mtr', 'allocating', 'allocate', 'contract', 'volume**management', 'meter']"
"['send_attach_ship transport0contract', 'flow deal']","['flowed', 'attached', 'send', 'deal', 'average', 'nomination', 'meters', 'volume', 'info', 'sending', 'schedule', 'term', 'terms', 'gas', 'ship', 'system', 'price', 'contracts', 'attach', 'flows', 'volumes', 'priced', 'deals', 'information', 'flowing', 'transport**contract', 'prices', 'mtr', 'total', 'flow', 'contract', 'sent', 'meter']"
"['send_attach_ship transport0contract', 'show deal']","['attached', 'send', 'document', 'products', 'deal', 'meters', 'volume', 'info', 'agreements', 'showing', 'schedule', 'sending', 'term', 'shown', 'gas', 'terms', 'ship', 'contracts', 'product', 'agreement', 'indicates', 'master', 'attach', 'changes', 'volumes', 'deals', 'information', 'indicate', 'transport**contract', 'shows', 'change', 'showed', 'indicated', 'designated', 'counterparties', 'credit', 'contract', 'sent', 'show', 'meter', 'master**netting', 'trades']"
"['create deal', 'show deal']","['products', 'document', 'create', 'deal', 'meters', 'volume', 'agreements', 'showing', 'ticket', 'shown', 'gas', 'created', 'creating', 'product', 'agreement', 'indicates', 'master', 'changes', 'deals', 'indicate', 'shows', 'tickets', 'change', 'mtr', 'showed', 'indicated', 'designated', 'counterparties', 'credit', 'show', 'meter', 'volume**management', 'master**netting', 'trades']"
"['expire deal', 'wrap_roll deal']","['expiring', 'wrapped', 'deal', 'rolled', 'expires', 'roll', 'expired', 'deals']"
"['expire deal', 'expire deal']","['expiring', 'expired', 'expires', 'deal']"
"['expire deal', 'add deal']","['add', 'expiring', 'demand**fees', 'cost', 'deal', 'adding', 'price', 'expires', 'tickets', 'added', 'demand**fee', 'fees', 'ticket', 'expired', 'deals', 'supplying']"
"['expire deal', 'keep_continue desk']","['expiring', 'desks', 'deal', 'desk', 'keep', 'kept', 'keeps', 'expires', 'vince', 'jake', 'continue', 'tom', 'expired', 'deals']"
"['create deal', 'make decision']","['made', 'create', 'deal', 'decision', 'make', 'volume', 'making', 'decisions', 'ticket', 'created', 'creating', 'makes', 'deals', 'sales', 'sale', 'tickets', 'money', 'mtr', 'oom', 'volume**management', 'meter', 'trade']"
"['change_convert deal', 'add deal']","['add', 'changing', 'cost', 'deal', 'changed', 'volume', 'fees', 'ticket', 'fee', 'pricing', 'adding', 'price', 'modified', 'changes', 'volumes', 'converted', 'deals', 'priced', 'supplying', 'demand', 'tickets', 'change', 'vary', 'counterparty', 'demand**fees', 'amount', 'added', 'demand**fee']"
"['change_convert deal', 'flow deal']","['flowed', 'changing', 'deal', 'average', 'nomination', 'meters', 'changed', 'volume', 'ticket', 'fee', 'gas', 'pricing', 'system', 'price', 'modified', 'flows', 'changes', 'volumes', 'priced', 'deals', 'converted', 'demand', 'flowing', 'prices', 'tickets', 'change', 'counterparty', 'vary', 'mtr', 'total', 'demand**fees', 'amount', 'flow', 'demand**fee', 'meter']"
"['flow deal', 'enter deal']","['entered', 'flowed', 'deal', 'purchases', 'average', 'nomination', 'meters', 'volume', 'ticket', 'gas', 'system', 'price', 'flows', 'wellhead', 'volumes', 'priced', 'deals', 'book', 'entering', 'flowing', 'sale', 'prices', 'tickets', 'purchase', 'mtr', 'enter', 'total', 'flow', 'demand**fee', 'meter']"
"['expire deal', 'create deal']","['expiring', 'create', 'deal', 'expires', 'tickets', 'volume', 'volume**management', 'mtr', 'meter', 'expired', 'ticket', 'deals', 'created', 'creating']"
"['expire deal', 'forward deal']","['expiring', 'deal', 'forward', 'expires', 'tickets', 'person', 'ticket', 'expired', 'deals']"
"['expire deal', 'sell_trade natural0gas']","['counterparties', 'traded', 'sell', 'expiring', 'deal', 'sold', 'expires', 'selling', 'market', 'natural**gas', 'counterparty', 'trade', 'expired', 'plant', 'deals', 'gas']"
"['expire deal', 'set_put_fix_determine_adjust deal']","['made', 'usage', 'deal', 'meters', 'make', 'determining', 'adjustments', 'ticket', 'placed', 'expiring', 'ticketed', 'desk', 'setting', 'put', 'expired', 'deals', 'determined', 'expires', 'tickets', 'adjust', 'adjusting', 'set', 'transport', 'meter', 'strangers', 'fixed', 'adjusted']"
"['wrap_roll deal', 'see_determine_check_view deal']","['wrapped', 'deal', 'meters', 'volume', 'seeing', 'system', 'price', 'ensure', 'check', 'checked', 'volumes', 'checking', 'deals', 'determined', 'rolled', 'prices', 'path', 'roll', 'checks', 'determine', 'viewing', 'volume**management', 'meter', 'see', 'pops', 'trades', 'trade']"
"['sell_trade natural0gas', 'handle_cover deal']","['sell', 'deal', 'handling', 'selling', 'volume', 'gas', 'handle', 'cover', 'deals', 'plant', 'market', 'counterparty', 'mtr', 'counterparties', 'covers', 'sold', 'natural**gas', 'volume**management', 'meter', 'trades', 'trade', 'handled', 'traded']"
"['leave_result line_note', 'handle_cover deal']","['arena', 'deal', 'handling', 'resulting', 'volume', 'middle', 'note', 'handled', 'message', 'koch', 'handle', 'cover', 'result', 'deals', 'leaving', 'sale', 'leave', 'mtr', 'covers', 'line', 'volume**management', 'meter', 'lines', 'trades', 'left', 'majority']"
"['schedule volume', 'receive gas']","['scheduled', 'statement', 'received', 'statements', 'nominations', 'nomination', 'receiving', 'scheduling', 'invoice', 'volume', 'gas', 'volumes', 'schedule', 'mtr', 'spreadsheet', 'receive']"
"['change_convert deal', 'receive gas']","['changing', 'deal', 'nomination', 'invoice', 'changed', 'volume', 'ticket', 'fee', 'gas', 'pricing', 'price', 'modified', 'changes', 'volumes', 'converted', 'deals', 'priced', 'receive', 'nominations', 'demand', 'statements', 'receiving', 'tickets', 'change', 'counterparty', 'vary', 'demand**fees', 'statement', 'received', 'amount', 'demand**fee', 'spreadsheet']"
"['set_put_fix_determine_adjust deal', 'use_apply transport0contract']","['used', 'made', 'usage', 'deal', 'pipes', 'meters', 'make', 'determining', 'adjustments', 'ticket', 'placed', 'ticketed', 'desk', 'contracts', 'setting', 'put', 'applied', 'deals', 'determined', 'transport**contract', 'tickets', 'use', 'adjust', 'apply', 'adjusting', 'set', 'transport', 'contract', 'meter', 'strangers', 'fixed', 'adjusted']"
"['allocate volume0management', 'flow deal']","['flowed', 'deal', 'average', 'nomination', 'meters', 'volume', 'allocated', 'ticket', 'allocates', 'gas', 'system', 'price', 'contracts', 'shortages', 'flows', 'volumes', 'priced', 'deals', 'buyback', 'flowing', 'prices', 'tickets', 'mtr', 'allocating', 'total', 'allocate', 'flow', 'contract', 'volume**management', 'meter']"
"['allocate volume0management', 'purchase_buy gas']","['deal', 'meters', 'purchased', 'volume', 'allocated', 'purchasing', 'ticket', 'allocates', 'buying', 'gas', 'contracts', 'buys', 'shortages', 'volumes', 'buy', 'deals', 'plant', 'sales', 'buyback', 'bought', 'sale', 'tickets', 'purchase', 'mtr', 'allocating', 'allocate', 'contract', 'volume**management', 'meter']"
"['allocate volume0management', 'expire deal']","['deal', 'meters', 'volume', 'allocated', 'ticket', 'allocates', 'gas', 'expiring', 'contracts', 'shortages', 'volumes', 'expired', 'deals', 'buyback', 'expires', 'tickets', 'mtr', 'allocating', 'allocate', 'contract', 'volume**management', 'meter']"
"['flow deal', 'add deal']","['flowed', 'add', 'cost', 'deal', 'average', 'nomination', 'meters', 'volume', 'fees', 'ticket', 'gas', 'adding', 'system', 'price', 'flows', 'volumes', 'priced', 'deals', 'supplying', 'flowing', 'prices', 'tickets', 'mtr', 'total', 'demand**fees', 'flow', 'added', 'demand**fee', 'meter']"
"['use_apply deal', 'send_attach_ship transport0contract']","['used', 'attached', 'send', 'deal', 'volume', 'info', 'schedule', 'sending', 'term', 'terms', 'ship', 'contracts', 'attach', 'volumes', 'deals', 'information', 'transport**contract', 'use', 'apply', 'contract', 'sent']"
"['use_apply deal', 'add deal']","['add', 'apply', 'used', 'demand**fees', 'cost', 'deal', 'adding', 'price', 'tickets', 'added', 'volume', 'demand**fee', 'fees', 'use', 'ticket', 'deals', 'supplying']"
"['allocate volume0management', 'forward deal']","['deal', 'forward', 'meters', 'volume', 'allocated', 'person', 'ticket', 'allocates', 'gas', 'contracts', 'shortages', 'volumes', 'deals', 'buyback', 'tickets', 'mtr', 'allocating', 'allocate', 'contract', 'volume**management', 'meter']"
"['deliver gas', 'handle_cover deal']","['deliver', 'deal', 'covers', 'resolution', 'handling', 'handle', 'cover', 'settlement', 'volume', 'delivered', 'volume**management', 'meter', 'handled', 'trades', 'presented', 'mtr', 'deals', 'gas']"
"['receive gas', 'receive_incur gas']","['incurring', 'received', 'error', 'statement', 'statements', 'nominations', 'receiving', 'nomination', 'invoice', 'gas', 'incur', 'spreadsheet', 'receive']"
"['receive gas', 'deliver gas']","['deliver', 'statement', 'received', 'statements', 'nominations', 'receive', 'resolution', 'settlement', 'nomination', 'receiving', 'invoice', 'delivered', 'presented', 'spreadsheet', 'gas']"
"['receive gas', 'agree_match_fit_accord contract']","['match', 'received', 'statement', 'statements', 'nominations', 'nomination', 'receiving', 'contracts', 'contract', 'agrees', 'invoice', 'gas', 'agree', 'fit', 'according', 'spreadsheet', 'receive']"
"['receive_incur gas', 'set_put_fix_determine_adjust deal']","['made', 'usage', 'deal', 'meters', 'make', 'determining', 'adjustments', 'ticket', 'placed', 'gas', 'ticketed', 'desk', 'setting', 'put', 'deals', 'receive', 'determined', 'error', 'receiving', 'tickets', 'adjust', 'incurring', 'received', 'adjusting', 'set', 'transport', 'meter', 'incur', 'strangers', 'fixed', 'adjusted']"
"['receive_incur gas', 'sell_trade natural0gas']","['sell', 'deal', 'selling', 'gas', 'deals', 'plant', 'market', 'receive', 'error', 'receiving', 'counterparty', 'counterparties', 'incurring', 'received', 'sold', 'natural**gas', 'incur', 'trade', 'traded']"
"['receive_incur gas', 'see_understand_determine_check gas']","['understood', 'incurring', 'received', 'error', 'receive', 'sale', 'receiving', 'determines', 'check', 'see', 'incur', 'determine', 'understand', 'gas']"
"['receive_incur gas', 'show deal']","['products', 'document', 'deal', 'meters', 'agreements', 'showing', 'shown', 'gas', 'product', 'agreement', 'indicates', 'master', 'changes', 'deals', 'receive', 'indicate', 'error', 'receiving', 'shows', 'change', 'showed', 'indicated', 'designated', 'counterparties', 'incurring', 'received', 'credit', 'show', 'meter', 'incur', 'master**netting', 'trades']"
"['deliver gas', 'set_put_fix_determine_adjust deal']","['made', 'usage', 'deal', 'settlement', 'meters', 'make', 'determining', 'adjustments', 'ticket', 'placed', 'gas', 'ticketed', 'desk', 'resolution', 'setting', 'put', 'presented', 'deals', 'deliver', 'determined', 'tickets', 'adjust', 'adjusting', 'set', 'transport', 'delivered', 'meter', 'strangers', 'fixed', 'adjusted']"
"['deliver gas', 'sell_trade natural0gas']","['counterparties', 'deliver', 'sell', 'deal', 'resolution', 'settlement', 'sold', 'selling', 'market', 'natural**gas', 'delivered', 'counterparty', 'trade', 'presented', 'deals', 'plant', 'traded', 'gas']"
"['deliver gas', 'see_understand_determine_check gas']","['understood', 'deliver', 'resolution', 'settlement', 'sale', 'determines', 'check', 'delivered', 'see', 'determine', 'understand', 'presented', 'gas']"
"['deliver gas', 'show deal']","['products', 'document', 'deal', 'settlement', 'meters', 'agreements', 'showing', 'shown', 'gas', 'resolution', 'product', 'agreement', 'indicates', 'master', 'changes', 'presented', 'deals', 'deliver', 'indicate', 'shows', 'change', 'showed', 'indicated', 'designated', 'counterparties', 'credit', 'delivered', 'show', 'meter', 'master**netting', 'trades']"
"['agree_match_fit_accord contract', 'set_put_fix_determine_adjust deal']","['made', 'usage', 'deal', 'meters', 'make', 'determining', 'adjustments', 'fit', 'ticket', 'according', 'placed', 'ticketed', 'desk', 'contracts', 'setting', 'put', 'deals', 'determined', 'tickets', 'agrees', 'fixed', 'adjust', 'match', 'adjusting', 'set', 'transport', 'contract', 'meter', 'strangers', 'agree', 'adjusted']"
"['agree_match_fit_accord contract', 'sell_trade natural0gas']","['sell', 'deal', 'selling', 'fit', 'according', 'gas', 'traded', 'contracts', 'deals', 'plant', 'market', 'agrees', 'counterparty', 'counterparties', 'match', 'sold', 'contract', 'natural**gas', 'trade', 'agree']"
"['agree_match_fit_accord contract', 'see_understand_determine_check gas']","['match', 'understood', 'sale', 'determines', 'contracts', 'contract', 'agrees', 'check', 'see', 'determine', 'fit', 'understand', 'according', 'agree', 'gas']"
"['agree_match_fit_accord contract', 'show deal']","['products', 'document', 'deal', 'meters', 'agreements', 'fit', 'showing', 'shown', 'according', 'gas', 'contracts', 'product', 'agreement', 'indicates', 'master', 'changes', 'deals', 'indicate', 'shows', 'agrees', 'change', 'showed', 'indicated', 'match', 'designated', 'counterparties', 'credit', 'contract', 'show', 'meter', 'master**netting', 'trades', 'agree']"
"['purchase_buy gas', 'set_put_fix_determine_adjust deal']","['made', 'usage', 'deal', 'meters', 'purchased', 'make', 'determining', 'adjustments', 'purchasing', 'ticket', 'placed', 'buying', 'gas', 'ticketed', 'desk', 'buys', 'setting', 'put', 'buy', 'deals', 'plant', 'sales', 'determined', 'bought', 'sale', 'tickets', 'purchase', 'adjust', 'adjusting', 'set', 'transport', 'meter', 'strangers', 'fixed', 'adjusted']"
"['purchase_buy gas', 'see_understand_determine_check gas']","['deal', 'purchased', 'purchasing', 'buying', 'gas', 'check', 'buys', 'buy', 'deals', 'plant', 'understood', 'sales', 'bought', 'sale', 'determine', 'purchase', 'determines', 'see', 'understand']"
"['purchase_buy gas', 'show deal']","['products', 'document', 'deal', 'meters', 'purchased', 'agreements', 'purchasing', 'showing', 'shown', 'buying', 'gas', 'product', 'buys', 'agreement', 'indicates', 'master', 'changes', 'buy', 'deals', 'plant', 'sales', 'indicate', 'bought', 'sale', 'shows', 'change', 'purchase', 'showed', 'indicated', 'designated', 'counterparties', 'credit', 'show', 'meter', 'master**netting', 'trades']"
"['reflect deal', 'set_put_fix_determine_adjust deal']","['made', 'usage', 'deal', 'meters', 'make', 'determining', 'adjustments', 'ticket', 'placed', 'ticketed', 'desk', 'setting', 'put', 'deals', 'determined', 'reflect', 'tickets', 'adjust', 'adjusting', 'set', 'transport', 'meter', 'strangers', 'fixed', 'adjusted']"
"['reflect deal', 'sell_trade natural0gas']","['counterparties', 'sell', 'deal', 'reflect', 'sold', 'selling', 'market', 'natural**gas', 'counterparty', 'trade', 'deals', 'plant', 'traded', 'gas']"
"['reflect deal', 'see_understand_determine_check gas']","['understood', 'deal', 'sale', 'reflect', 'determines', 'check', 'see', 'determine', 'understand', 'deals', 'gas']"
"['reflect deal', 'show deal']","['products', 'document', 'deal', 'meters', 'agreements', 'shown', 'showing', 'gas', 'product', 'agreement', 'indicates', 'master', 'changes', 'deals', 'indicate', 'reflect', 'shows', 'change', 'showed', 'indicated', 'designated', 'counterparties', 'credit', 'show', 'meter', 'master**netting', 'trades']"
"['set_put_fix_determine_adjust deal', 'allocate volume0management']","['made', 'usage', 'deal', 'meters', 'make', 'determining', 'volume', 'adjustments', 'allocated', 'ticket', 'allocates', 'placed', 'gas', 'ticketed', 'desk', 'contracts', 'shortages', 'setting', 'put', 'volumes', 'deals', 'determined', 'buyback', 'tickets', 'mtr', 'adjust', 'allocating', 'adjusting', 'allocate', 'set', 'transport', 'contract', 'volume**management', 'meter', 'strangers', 'fixed', 'adjusted']"
"['set_put_fix_determine_adjust deal', 'deliver gas']","['made', 'usage', 'deal', 'settlement', 'meters', 'make', 'determining', 'adjustments', 'ticket', 'placed', 'gas', 'ticketed', 'desk', 'resolution', 'setting', 'put', 'presented', 'deals', 'deliver', 'determined', 'tickets', 'adjust', 'adjusting', 'set', 'transport', 'delivered', 'meter', 'strangers', 'fixed', 'adjusted']"
"['set_put_fix_determine_adjust deal', 'receive_incur gas']","['made', 'usage', 'deal', 'meters', 'make', 'determining', 'adjustments', 'ticket', 'placed', 'gas', 'ticketed', 'desk', 'setting', 'put', 'deals', 'receive', 'determined', 'error', 'receiving', 'tickets', 'adjust', 'incurring', 'received', 'adjusting', 'set', 'transport', 'meter', 'incur', 'strangers', 'fixed', 'adjusted']"
"['sell_trade natural0gas', 'deliver gas']","['counterparties', 'deliver', 'sell', 'deal', 'resolution', 'settlement', 'sold', 'selling', 'market', 'natural**gas', 'delivered', 'counterparty', 'trade', 'presented', 'deals', 'plant', 'traded', 'gas']"
"['sell_trade natural0gas', 'receive_incur gas']","['sell', 'deal', 'selling', 'gas', 'deals', 'plant', 'market', 'receive', 'error', 'receiving', 'counterparty', 'counterparties', 'incurring', 'received', 'sold', 'natural**gas', 'incur', 'trade', 'traded']"
"['see_understand_determine_check gas', 'allocate volume0management']","['deal', 'meters', 'volume', 'allocated', 'ticket', 'allocates', 'gas', 'contracts', 'check', 'shortages', 'volumes', 'deals', 'understood', 'buyback', 'sale', 'tickets', 'determine', 'mtr', 'allocating', 'allocate', 'determines', 'contract', 'volume**management', 'meter', 'see', 'understand']"
"['see_understand_determine_check gas', 'deliver gas']","['understood', 'deliver', 'resolution', 'settlement', 'sale', 'determines', 'check', 'delivered', 'see', 'determine', 'understand', 'presented', 'gas']"
"['see_understand_determine_check gas', 'change_convert deal']","['changing', 'deal', 'changed', 'volume', 'ticket', 'fee', 'gas', 'pricing', 'price', 'check', 'modified', 'changes', 'volumes', 'converted', 'deals', 'priced', 'understood', 'demand', 'sale', 'tickets', 'determine', 'change', 'vary', 'counterparty', 'demand**fees', 'amount', 'determines', 'demand**fee', 'see', 'understand']"
"['see_understand_determine_check gas', 'receive_incur gas']","['understood', 'incurring', 'received', 'error', 'receive', 'sale', 'receiving', 'determines', 'check', 'see', 'incur', 'determine', 'understand', 'gas']"
"['show deal', 'allocate volume0management']","['products', 'document', 'deal', 'meters', 'volume', 'agreements', 'allocated', 'ticket', 'showing', 'shown', 'allocates', 'gas', 'contracts', 'product', 'agreement', 'shortages', 'indicates', 'master', 'changes', 'volumes', 'deals', 'indicate', 'buyback', 'shows', 'tickets', 'change', 'mtr', 'showed', 'allocating', 'indicated', 'designated', 'counterparties', 'allocate', 'credit', 'contract', 'show', 'meter', 'volume**management', 'master**netting', 'trades']"
"['show deal', 'deliver gas']","['products', 'document', 'deal', 'settlement', 'meters', 'agreements', 'showing', 'shown', 'gas', 'resolution', 'product', 'agreement', 'indicates', 'master', 'changes', 'presented', 'deals', 'deliver', 'indicate', 'shows', 'change', 'showed', 'indicated', 'designated', 'counterparties', 'credit', 'delivered', 'show', 'meter', 'master**netting', 'trades']"
"['show deal', 'change_convert deal']","['changing', 'products', 'document', 'deal', 'meters', 'changed', 'volume', 'agreements', 'ticket', 'showing', 'shown', 'fee', 'gas', 'pricing', 'price', 'product', 'modified', 'agreement', 'indicates', 'master', 'changes', 'volumes', 'converted', 'deals', 'priced', 'demand', 'indicate', 'shows', 'tickets', 'change', 'counterparty', 'vary', 'showed', 'indicated', 'designated', 'demand**fees', 'counterparties', 'amount', 'credit', 'demand**fee', 'show', 'meter', 'master**netting', 'trades']"
"['show deal', 'receive_incur gas']","['products', 'document', 'deal', 'meters', 'agreements', 'showing', 'shown', 'gas', 'product', 'agreement', 'indicates', 'master', 'changes', 'deals', 'receive', 'indicate', 'error', 'receiving', 'shows', 'change', 'showed', 'indicated', 'designated', 'counterparties', 'incurring', 'received', 'credit', 'show', 'meter', 'incur', 'master**netting', 'trades']"
"['add deal', 'flow deal']","['flowed', 'add', 'cost', 'deal', 'average', 'nomination', 'meters', 'volume', 'fees', 'ticket', 'gas', 'adding', 'system', 'price', 'flows', 'volumes', 'priced', 'deals', 'supplying', 'flowing', 'prices', 'tickets', 'mtr', 'total', 'demand**fees', 'flow', 'added', 'demand**fee', 'meter']"
"['add deal', 'use_apply deal']","['add', 'apply', 'used', 'demand**fees', 'cost', 'deal', 'adding', 'price', 'tickets', 'added', 'volume', 'demand**fee', 'fees', 'use', 'ticket', 'deals', 'supplying']"
"['add deal', 'extend deal']","['add', 'demand**fees', 'cost', 'adding', 'deal', 'price', 'rest', 'contract', 'extended', 'added', 'demand**fee', 'meter', 'fees', 'tickets', 'ticket', 'deals', 'extend', 'supplying']"
"['purchase_buy gas', 'pay pricenumeric']","['sales', 'buying', 'bought', 'sale', 'deal', 'paid', 'pay', 'purchased', 'buys', 'purchase', 'paying', 'purchasing', 'buy', 'deals', 'plant', 'gas']"
"['leave_result line_note', 'pay pricenumeric']","['arena', 'deal', 'paid', 'resulting', 'middle', 'note', 'gas', 'message', 'koch', 'result', 'leaving', 'sales', 'sale', 'leave', 'paying', 'line', 'pay', 'lines', 'left', 'majority']"
"['receive_incur gas', 'send_attach_ship transport0contract']","['attached', 'send', 'deal', 'volume', 'info', 'schedule', 'sending', 'term', 'terms', 'gas', 'ship', 'contracts', 'attach', 'volumes', 'deals', 'receive', 'information', 'error', 'receiving', 'transport**contract', 'incurring', 'received', 'contract', 'sent', 'incur']"
"['set_put_fix_determine_adjust deal', 'see_determine_check_view deal']","['made', 'usage', 'deal', 'meters', 'make', 'determining', 'volume', 'adjustments', 'ticket', 'placed', 'seeing', 'ticketed', 'desk', 'system', 'price', 'ensure', 'check', 'checked', 'setting', 'put', 'volumes', 'checking', 'deals', 'determined', 'prices', 'tickets', 'path', 'checks', 'determine', 'adjust', 'adjusting', 'set', 'transport', 'viewing', 'volume**management', 'meter', 'see', 'pops', 'trades', 'trade', 'strangers', 'fixed', 'adjusted']"
"['expire deal', 'purchase_buy gas']","['sales', 'expiring', 'deal', 'bought', 'sale', 'buying', 'purchased', 'expires', 'buys', 'purchase', 'purchasing', 'buy', 'expired', 'plant', 'deals', 'gas']"
"['add deal', 'send_attach_ship transport0contract']","['add', 'attached', 'send', 'cost', 'deal', 'volume', 'info', 'fees', 'ticket', 'schedule', 'sending', 'term', 'terms', 'ship', 'adding', 'price', 'contracts', 'attach', 'volumes', 'deals', 'supplying', 'information', 'transport**contract', 'tickets', 'demand**fees', 'contract', 'added', 'sent', 'demand**fee']"
"['flow deal', 'expire deal']","['flowed', 'deal', 'average', 'nomination', 'meters', 'volume', 'gas', 'expiring', 'system', 'price', 'flows', 'volumes', 'priced', 'expired', 'deals', 'flowing', 'prices', 'expires', 'mtr', 'total', 'flow', 'meter']"
"['flow deal', 'adjust_set volume']","['flowed', 'deal', 'average', 'nomination', 'meters', 'volume', 'gas', 'system', 'price', 'flows', 'wellhead', 'volumes', 'priced', 'deals', 'flowing', 'prices', 'mtr', 'adjust', 'total', 'set', 'flow', 'meter', 'adjusted']"
"['flow deal', 'settle_resolve issue']","['flowed', 'resolves', 'deal', 'average', 'issues', 'nomination', 'resolve', 'meters', 'volume', 'gas', 'system', 'price', 'flows', 'volumes', 'priced', 'deals', 'flowing', 'prices', 'mtr', 'total', 'resolved', 'settled', 'flow', 'meter', 'issue']"
"['flow deal', 'show deal']","['flowed', 'products', 'document', 'deal', 'average', 'nomination', 'meters', 'volume', 'agreements', 'showing', 'shown', 'gas', 'system', 'price', 'product', 'agreement', 'indicates', 'master', 'flows', 'changes', 'volumes', 'priced', 'deals', 'indicate', 'flowing', 'prices', 'shows', 'change', 'mtr', 'showed', 'indicated', 'designated', 'total', 'counterparties', 'credit', 'flow', 'show', 'meter', 'master**netting', 'trades']"
"['sell_trade natural0gas', 'adjust_set volume']","['sell', 'deal', 'selling', 'volume', 'gas', 'wellhead', 'volumes', 'deals', 'plant', 'market', 'counterparty', 'adjust', 'counterparties', 'set', 'sold', 'natural**gas', 'trade', 'traded', 'adjusted']"
"['sell_trade natural0gas', 'schedule volume']","['sell', 'scheduled', 'deal', 'selling', 'volume', 'schedule', 'gas', 'scheduling', 'volumes', 'deals', 'plant', 'market', 'counterparty', 'mtr', 'counterparties', 'sold', 'natural**gas', 'trade', 'traded']"
"['leave_result line_note', 'adjust_set volume']","['arena', 'resulting', 'volume', 'middle', 'note', 'message', 'koch', 'result', 'wellhead', 'volumes', 'leaving', 'sale', 'leave', 'adjust', 'set', 'line', 'lines', 'left', 'majority', 'adjusted']"
"['leave_result line_note', 'change_convert deal']","['arena', 'changing', 'deal', 'changed', 'volume', 'resulting', 'middle', 'note', 'ticket', 'fee', 'pricing', 'message', 'koch', 'price', 'modified', 'result', 'changes', 'volumes', 'converted', 'deals', 'priced', 'leaving', 'demand', 'sale', 'leave', 'tickets', 'change', 'counterparty', 'vary', 'demand**fees', 'line', 'amount', 'demand**fee', 'lines', 'left', 'majority']"
"['leave_result line_note', 'schedule volume']","['arena', 'scheduled', 'resulting', 'volume', 'middle', 'note', 'schedule', 'gas', 'message', 'koch', 'scheduling', 'result', 'volumes', 'leaving', 'sale', 'leave', 'mtr', 'line', 'lines', 'left', 'majority']"
"['create deal', 'adjust_set volume']","['create', 'deal', 'set', 'adjust', 'tickets', 'volume', 'volume**management', 'mtr', 'meter', 'creating', 'volumes', 'wellhead', 'ticket', 'deals', 'created', 'adjusted']"
"['create deal', 'change_convert deal']","['changing', 'create', 'deal', 'changed', 'volume', 'ticket', 'fee', 'created', 'creating', 'pricing', 'price', 'modified', 'changes', 'volumes', 'converted', 'deals', 'priced', 'demand', 'tickets', 'change', 'counterparty', 'vary', 'mtr', 'demand**fees', 'amount', 'demand**fee', 'meter', 'volume**management']"
"['create deal', 'schedule volume']","['scheduled', 'create', 'deal', 'scheduling', 'tickets', 'volume', 'volume**management', 'mtr', 'meter', 'gas', 'volumes', 'ticket', 'schedule', 'deals', 'created', 'creating']"
"['send_attach_ship transport0contract', 'change_convert deal']","['attached', 'send', 'changing', 'deal', 'changed', 'volume', 'info', 'ticket', 'sending', 'schedule', 'term', 'fee', 'terms', 'pricing', 'ship', 'price', 'contracts', 'modified', 'attach', 'changes', 'volumes', 'converted', 'deals', 'priced', 'information', 'demand', 'transport**contract', 'tickets', 'change', 'counterparty', 'vary', 'demand**fees', 'amount', 'contract', 'sent', 'demand**fee']"
"['send_attach_ship transport0contract', 'schedule volume']","['attached', 'scheduled', 'send', 'deal', 'volume', 'info', 'schedule', 'sending', 'term', 'terms', 'gas', 'ship', 'contracts', 'scheduling', 'attach', 'volumes', 'deals', 'information', 'transport**contract', 'mtr', 'contract', 'sent']"
"['add deal', 'pay pricenumeric']","['add', 'demand**fees', 'sales', 'cost', 'deal', 'adding', 'price', 'paid', 'pay', 'tickets', 'added', 'demand**fee', 'fees', 'ticket', 'paying', 'deals', 'gas', 'supplying']"
"['add deal', 'receive gas']","['add', 'cost', 'deal', 'nomination', 'invoice', 'fees', 'ticket', 'gas', 'adding', 'price', 'deals', 'receive', 'supplying', 'nominations', 'statements', 'receiving', 'tickets', 'demand**fees', 'statement', 'received', 'added', 'demand**fee', 'spreadsheet']"
"['see_determine_check_view deal', 'pay pricenumeric']","['deal', 'paid', 'meters', 'volume', 'gas', 'seeing', 'system', 'price', 'ensure', 'check', 'checked', 'volumes', 'checking', 'deals', 'sales', 'determined', 'prices', 'path', 'checks', 'determine', 'paying', 'pay', 'viewing', 'volume**management', 'meter', 'see', 'pops', 'trades', 'trade']"
"['see_determine_check_view deal', 'receive gas']","['deal', 'nomination', 'meters', 'invoice', 'volume', 'gas', 'seeing', 'system', 'price', 'ensure', 'check', 'checked', 'volumes', 'checking', 'deals', 'receive', 'nominations', 'determined', 'statements', 'receiving', 'prices', 'path', 'checks', 'determine', 'statement', 'received', 'viewing', 'volume**management', 'meter', 'see', 'pops', 'trades', 'trade', 'spreadsheet']"
"['receive gas', 'forward deal']","['received', 'statement', 'statements', 'deal', 'nominations', 'nomination', 'receiving', 'forward', 'tickets', 'invoice', 'gas', 'person', 'ticket', 'deals', 'spreadsheet', 'receive']"
"['show deal', 'show deal']","['products', 'document', 'deal', 'meters', 'agreements', 'shown', 'showing', 'gas', 'product', 'agreement', 'indicates', 'master', 'changes', 'deals', 'indicate', 'shows', 'change', 'showed', 'indicated', 'designated', 'counterparties', 'credit', 'show', 'meter', 'master**netting', 'trades']"
"['make decision', 'show deal']","['made', 'document', 'products', 'deal', 'decision', 'make', 'meters', 'making', 'agreements', 'decisions', 'showing', 'shown', 'gas', 'makes', 'product', 'agreement', 'indicates', 'master', 'changes', 'deals', 'sales', 'indicate', 'sale', 'shows', 'change', 'money', 'showed', 'indicated', 'designated', 'counterparties', 'oom', 'credit', 'show', 'meter', 'master**netting', 'trades', 'trade']"
"['make decision', 'pay pricenumeric']","['sales', 'made', 'deal', 'decision', 'sale', 'makes', 'paid', 'make', 'pay', 'oom', 'making', 'decisions', 'trade', 'paying', 'money', 'deals', 'gas']"
"['schedule volume', 'show deal']","['scheduled', 'products', 'document', 'deal', 'meters', 'volume', 'agreements', 'showing', 'schedule', 'shown', 'gas', 'scheduling', 'product', 'agreement', 'indicates', 'master', 'changes', 'volumes', 'deals', 'indicate', 'shows', 'change', 'mtr', 'showed', 'indicated', 'designated', 'counterparties', 'credit', 'show', 'meter', 'master**netting', 'trades']"
"['set_put_fix_determine_adjust deal', 'see_understand_determine_check gas']","['made', 'usage', 'deal', 'meters', 'make', 'determining', 'adjustments', 'ticket', 'placed', 'gas', 'ticketed', 'desk', 'check', 'setting', 'put', 'deals', 'understood', 'determined', 'sale', 'tickets', 'determine', 'adjust', 'adjusting', 'set', 'transport', 'determines', 'meter', 'see', 'understand', 'strangers', 'fixed', 'adjusted']"
"['set_put_fix_determine_adjust deal', 'show deal']","['made', 'document', 'usage', 'products', 'deal', 'meters', 'make', 'determining', 'adjustments', 'agreements', 'showing', 'ticket', 'shown', 'placed', 'gas', 'ticketed', 'desk', 'product', 'agreement', 'indicates', 'master', 'setting', 'put', 'changes', 'deals', 'indicate', 'determined', 'shows', 'tickets', 'change', 'showed', 'adjust', 'indicated', 'designated', 'counterparties', 'adjusting', 'set', 'transport', 'credit', 'show', 'meter', 'master**netting', 'trades', 'strangers', 'fixed', 'adjusted']"
"['pay pricenumeric', 'pay pricenumeric']","['sales', 'deal', 'paid', 'pay', 'paying', 'gas']"
"['receive gas', 'add deal']","['add', 'cost', 'deal', 'nomination', 'invoice', 'fees', 'ticket', 'gas', 'adding', 'price', 'deals', 'receive', 'supplying', 'nominations', 'statements', 'receiving', 'tickets', 'demand**fees', 'statement', 'received', 'added', 'demand**fee', 'spreadsheet']"
"['receive gas', 'show deal']","['products', 'document', 'deal', 'nomination', 'meters', 'invoice', 'agreements', 'showing', 'shown', 'gas', 'product', 'agreement', 'indicates', 'master', 'changes', 'deals', 'receive', 'nominations', 'indicate', 'statements', 'receiving', 'shows', 'change', 'showed', 'indicated', 'designated', 'counterparties', 'statement', 'received', 'credit', 'show', 'meter', 'master**netting', 'trades', 'spreadsheet']"
"['change_convert deal', 'make decision']","['changing', 'made', 'deal', 'decision', 'make', 'changed', 'volume', 'making', 'decisions', 'ticket', 'fee', 'pricing', 'makes', 'price', 'modified', 'changes', 'volumes', 'converted', 'deals', 'priced', 'sales', 'demand', 'sale', 'tickets', 'change', 'counterparty', 'vary', 'money', 'demand**fees', 'oom', 'amount', 'demand**fee', 'trade']"
"['show deal', 'make decision']","['made', 'document', 'products', 'deal', 'decision', 'make', 'meters', 'making', 'agreements', 'decisions', 'showing', 'shown', 'gas', 'makes', 'product', 'agreement', 'indicates', 'master', 'changes', 'deals', 'sales', 'indicate', 'sale', 'shows', 'change', 'money', 'showed', 'indicated', 'designated', 'counterparties', 'oom', 'credit', 'show', 'meter', 'master**netting', 'trades', 'trade']"
"['purchase_buy gas', 'purchase_buy gas']","['sales', 'buying', 'bought', 'sale', 'deal', 'purchased', 'buys', 'purchase', 'purchasing', 'buy', 'deals', 'plant', 'gas']"
"['flow deal', 'check_break object']","['flowed', 'them', 'deal', 'average', 'nomination', 'breaking', 'meters', 'volume', 'gas', 'system', 'price', 'check', 'flows', 'volumes', 'priced', 'deals', 'flowing', 'prices', 'mtr', 'this', 'total', 'flow', 'meter', 'it']"
"['schedule volume', 'schedule volume']","['scheduled', 'scheduling', 'volume', 'volumes', 'schedule', 'mtr', 'gas']"
"['schedule volume', 'see_determine_check_view deal']","['scheduled', 'deal', 'meters', 'volume', 'schedule', 'gas', 'seeing', 'system', 'price', 'ensure', 'scheduling', 'check', 'checked', 'volumes', 'checking', 'deals', 'determined', 'prices', 'path', 'checks', 'determine', 'mtr', 'viewing', 'volume**management', 'meter', 'see', 'pops', 'trades', 'trade']"
"['schedule volume', 'flow deal']","['flowed', 'scheduled', 'deal', 'average', 'nomination', 'meters', 'volume', 'schedule', 'gas', 'system', 'price', 'scheduling', 'flows', 'volumes', 'priced', 'deals', 'flowing', 'prices', 'mtr', 'total', 'flow', 'meter']"
"['schedule volume', 'allocate volume0management']","['scheduled', 'deal', 'meters', 'volume', 'allocated', 'ticket', 'schedule', 'allocates', 'gas', 'contracts', 'scheduling', 'shortages', 'volumes', 'deals', 'buyback', 'tickets', 'mtr', 'allocating', 'allocate', 'contract', 'volume**management', 'meter']"
"['see_determine_check_view deal', 'schedule volume']","['scheduled', 'deal', 'meters', 'volume', 'schedule', 'gas', 'seeing', 'system', 'price', 'ensure', 'scheduling', 'check', 'checked', 'volumes', 'checking', 'deals', 'determined', 'prices', 'path', 'checks', 'determine', 'mtr', 'viewing', 'volume**management', 'meter', 'see', 'pops', 'trades', 'trade']"
"['see_determine_check_view deal', 'flow deal']","['flowed', 'deal', 'average', 'nomination', 'meters', 'volume', 'gas', 'seeing', 'system', 'price', 'ensure', 'check', 'checked', 'flows', 'volumes', 'priced', 'checking', 'deals', 'determined', 'flowing', 'prices', 'path', 'checks', 'determine', 'mtr', 'total', 'viewing', 'flow', 'volume**management', 'meter', 'see', 'pops', 'trades', 'trade']"
"['show deal', 'flow deal']","['flowed', 'products', 'document', 'deal', 'average', 'nomination', 'meters', 'volume', 'agreements', 'showing', 'shown', 'gas', 'system', 'price', 'product', 'agreement', 'indicates', 'master', 'flows', 'changes', 'volumes', 'priced', 'deals', 'indicate', 'flowing', 'prices', 'shows', 'change', 'mtr', 'showed', 'indicated', 'designated', 'total', 'counterparties', 'credit', 'flow', 'show', 'meter', 'master**netting', 'trades']"
